{
  "accuracy": 0.9180621037229719,
  "precision": 0.0,
  "recall": 0.0,
  "f1_score": 0.0,
  "roc_auc": 0.7370344838248151,
  "confusion_matrix": [
    [
      5647,
      0
    ],
    [
      504,
      0
    ]
  ],
  "optimized_threshold": 1.0,
  "optimized_threshold_metric": "accuracy"
}